<?xml version="1.0"?>
<!DOCTYPE service-builder PUBLIC "-//Liferay//DTD Service Builder 7.4.0//EN" "http://www.liferay.com/dtd/liferay-service-builder_7_4_0.dtd">

<service-builder dependency-injector="ds" package-path="com.liferay.training.gradebook" auto-namespace-tables="true">
    <author>hgrahul</author>
    <namespace>Gradebook</namespace>
    <entity name="Assignment" local-service="true" remote-service="true">
    	<!-- PK fields -->
    	<column name="assignmentId" primary="true" type="long"></column>

    	<!-- Group instance -->
    	<column name="groupId" type="long"></column>

    	<!-- Audit Fields -->
    	<column name="companyId" type="long"></column>
    	<column name="userId" type="long"></column>
    	<column name="userName" type="String"></column>
    	<column name="createDate" type="Date"></column>
    	<column name="modifiedDate" type="Date"></column>
	
		<!-- Status Fields -->	
		<column name="status" type="int" />
		<column name="statusByUserId" type="long" />
		<column name="statusByUserName" type="String" />
		<column name="statusDate" type="Date" />
			
		<!-- Actual Assignment Fields -->
		<column name="title" type="String" localized="true"/>
		<column name="description" type="String" localized="true"/>
		<column name="dueDate" type="Date" />
		
		<!-- Order Assignment List Based On Title -->
		<order by="asc">
			<order-column name="title" />
		</order>
		
		<!-- Filtering Assignment List Based On Website Id -->
		<finder name="GroupId" return-type="Collection">
			<finder-column name="groupId" />
		</finder>
		
		<!-- Referencing Group Services -->
		<reference entity="Group" package-path="com.liferay.portal" />
		
		<!-- Referencing Asset Services -->		
		<reference package-path="com.liferay.portlet.asset" entity="AssetEntry" />
		<reference package-path="com.liferay.portlet.asset" entity="AssetLink" />
		<reference package-path="com.liferay.portlet.asset" entity="AssetTag" />

		<!-- Referencing Workflow Services -->
		<reference entity="WorkflowInstanceLink" package-path="com.liferay.portal" />
    </entity>
    <exceptions>
    	<exception>AssignmentValidation</exception>
    </exceptions>
</service-builder>